{
  "MAE": 24564.162870486423,
  "RMSE": 39142.42982076615,
  "R2": -7.201041589934736,
  "test_size": 12
}